{
  "@class" : "org.deeplearning4j.eval.ROCMultiClass",
  "thresholdSteps" : 0,
  "rocRemoveRedundantPts" : true,
  "underlying" : [ {
    "@class" : "org.deeplearning4j.eval.ROC",
    "thresholdSteps" : 0,
    "countActualPositive" : 50,
    "countActualNegative" : 100,
    "counts" : { },
    "auc" : 0.9837999671220778,
    "auprc" : 0.9875859995439553,
    "rocCurve" : {
      "@class" : "org.deeplearning4j.eval.curves.RocCurve",
      "threshold" : [ 1.0, 0.39372992515563965, 0.10218151658773422, 0.10042554140090942, 0.0 ],
      "fpr" : [ 0.0, 0.0, 0.8100000023841858, 0.8100000023841858, 1.0 ],
      "tpr" : [ 0.0, 0.9799999594688416, 0.9799999594688416, 1.0, 1.0 ],
      "auc" : 0.9837999671220778
    },
    "prCurve" : {
      "@class" : "org.deeplearning4j.eval.curves.PrecisionRecallCurve",
      "threshold" : [ 0.0, 0.10042554140090942, 0.10218151658773422, 0.39372992515563965, 1.0 ],
      "precision" : [ 0.3333333432674408, 0.38167938590049744, 0.3769230842590332, 1.0, 1.0 ],
      "recall" : [ 1.0, 1.0, 0.9799999594688416, 0.9799999594688416, 0.0 ],
      "tpCount" : [ 50, 50, 49, 49, 0 ],
      "fpCount" : [ 100, 81, 81, 0, 0 ],
      "fnCount" : [ 0, 0, 1, 1, 50 ],
      "totalCount" : 150,
      "area" : 0.9875859995439553
    },
    "isExact" : true,
    "exampleCount" : 150,
    "rocRemoveRedundantPts" : true
  }, {
    "@class" : "org.deeplearning4j.eval.ROC",
    "thresholdSteps" : 0,
    "countActualPositive" : 50,
    "countActualNegative" : 100,
    "counts" : { },
    "auc" : 0.7933999920249002,
    "auprc" : 0.6444540729154867,
    "rocCurve" : {
      "@class" : "org.deeplearning4j.eval.curves.RocCurve",
      "threshold" : [ 1.0, 0.8841332197189331, 0.8625275492668152, 0.7017632126808167, 0.6932347416877747, 0.6796543002128601, 0.6677843928337097, 0.5632844567298889, 0.5609776973724365, 0.5600996017456055, 0.5414677858352661, 0.4923526644706726, 0.4822082221508026, 0.48092755675315857, 0.4671202003955841, 0.45360323786735535, 0.4340013563632965, 0.4228828251361847, 0.4162888824939728, 0.4142554700374603, 0.4098593294620514, 0.39790868759155273, 0.3691360652446747, 0.3690566420555115, 0.36578914523124695, 0.355755090713501, 0.3488415479660034, 0.34830591082572937, 0.3444080352783203, 0.3365986943244934, 0.328789085149765, 0.3183465301990509, 0.2980157732963562, 0.29375848174095154, 0.2887536287307739, 0.2867162525653839, 0.2812882363796234, 0.27937057614326477, 0.2582390010356903, 0.2532539367675781, 0.23832780122756958, 0.22627811133861542, 0.22467173635959625, 0.21779772639274597, 0.20924510061740875, 0.20665428042411804, 0.19804143905639648, 0.19490636885166168, 0.1927269846200943, 0.19266033172607422, 0.17128713428974152, 0.17124508321285248, 0.16412639617919922, 0.15853863954544067, 0.14302751421928406, 0.14236770570278168, 0.0 ],
      "fpr" : [ 0.0, 0.0, 0.009999999776482582, 0.009999999776482582, 0.019999999552965164, 0.019999999552965164, 0.029999999329447746, 0.029999999329447746, 0.03999999910593033, 0.03999999910593033, 0.04999999701976776, 0.04999999701976776, 0.05999999865889549, 0.05999999865889549, 0.08999999612569809, 0.08999999612569809, 0.12999999523162842, 0.12999999523162842, 0.14999999105930328, 0.14999999105930328, 0.1599999964237213, 0.1599999964237213, 0.19999998807907104, 0.19999998807907104, 0.2199999988079071, 0.2199999988079071, 0.23999999463558197, 0.23999999463558197, 0.26999998092651367, 0.26999998092651367, 0.29999998211860657, 0.29999998211860657, 0.32999998331069946, 0.32999998331069946, 0.3400000035762787, 0.3400000035762787, 0.3799999952316284, 0.3799999952316284, 0.38999998569488525, 0.38999998569488525, 0.4099999964237213, 0.4099999964237213, 0.429999977350235, 0.429999977350235, 0.4599999785423279, 0.4599999785423279, 0.4899999797344208, 0.4899999797344208, 0.5199999809265137, 0.5199999809265137, 0.5799999833106995, 0.5799999833106995, 0.6200000047683716, 0.6200000047683716, 0.7099999785423279, 0.7099999785423279, 1.0 ],
      "tpr" : [ 0.0, 0.019999999552965164, 0.019999999552965164, 0.1599999964237213, 0.1599999964237213, 0.17999999225139618, 0.17999999225139618, 0.29999998211860657, 0.29999998211860657, 0.3199999928474426, 0.3199999928474426, 0.3799999952316284, 0.3799999952316284, 0.3999999761581421, 0.3999999761581421, 0.4399999976158142, 0.4399999976158142, 0.47999998927116394, 0.47999998927116394, 0.5, 0.5, 0.5199999809265137, 0.5199999809265137, 0.5399999618530273, 0.5399999618530273, 0.5999999642372131, 0.5999999642372131, 0.6200000047683716, 0.6200000047683716, 0.699999988079071, 0.699999988079071, 0.7400000095367432, 0.7400000095367432, 0.7599999904632568, 0.7599999904632568, 0.7799999713897705, 0.7799999713897705, 0.7999999523162842, 0.7999999523162842, 0.8199999928474426, 0.8199999928474426, 0.8399999737739563, 0.8399999737739563, 0.85999995470047, 0.85999995470047, 0.8799999952316284, 0.8799999952316284, 0.8999999761581421, 0.8999999761581421, 0.9199999570846558, 0.9199999570846558, 0.9399999976158142, 0.9399999976158142, 0.9799999594688416, 0.9799999594688416, 1.0, 1.0 ],
      "auc" : 0.7933999920249002
    },
    "prCurve" : {
      "@class" : "org.deeplearning4j.eval.curves.PrecisionRecallCurve",
      "threshold" : [ 0.0, 0.14236770570278168, 0.14302751421928406, 0.15853863954544067, 0.1619490385055542, 0.16412639617919922, 0.17124508321285248, 0.17128713428974152, 0.19266033172607422, 0.1927269846200943, 0.19490636885166168, 0.19804143905639648, 0.20665428042411804, 0.20924510061740875, 0.21779772639274597, 0.22467173635959625, 0.22627811133861542, 0.23832780122756958, 0.2532539367675781, 0.2582390010356903, 0.27937057614326477, 0.2812882363796234, 0.2867162525653839, 0.2887536287307739, 0.29375848174095154, 0.2980157732963562, 0.3183465301990509, 0.3266296982765198, 0.328789085149765, 0.3365986943244934, 0.33827275037765503, 0.3386031985282898, 0.3418014645576477, 0.3444080352783203, 0.34830591082572937, 0.3488415479660034, 0.355755090713501, 0.36191925406455994, 0.3651379346847534, 0.36578914523124695, 0.3690566420555115, 0.3691360652446747, 0.39790868759155273, 0.4098593294620514, 0.4142554700374603, 0.4162888824939728, 0.4228828251361847, 0.42971932888031006, 0.4340013563632965, 0.45360323786735535, 0.4601863920688629, 0.4671202003955841, 0.48092755675315857, 0.4822082221508026, 0.4923526644706726, 0.5128008723258972, 0.5190857648849487, 0.5414677858352661, 0.5600996017456055, 0.5609776973724365, 0.5632844567298889, 0.593279242515564, 0.5936278104782104, 0.6286752223968506, 0.635961651802063, 0.6505966782569885, 0.6677843928337097, 0.6796543002128601, 0.6932347416877747, 0.7017632126808167, 0.7022425532341003, 0.725892961025238, 0.7406724691390991, 0.7417066693305969, 0.7757208347320557, 0.8063456416130066, 0.8625275492668152, 0.8841332197189331, 1.0 ],